IdDistrito,Distrito,IdProvincia
010101,CHACHAPOYAS,1
010102,ASUNCION,1
010103,BALSAS,1
010104,CHETO,1
010105,CHILIQUIN,1
010106,CHUQUIBAMBA,1
010107,GRANADA,1
010108,HUANCAS,1
010109,LA JALCA,1
010110,LEIMEBAMBA,1
010111,LEVANTO,1
010112,MAGDALENA,1
010113,MARISCAL CASTILLA,1
010114,MOLINOPAMPA,1
010115,MONTEVIDEO,1
010116,OLLEROS,1
010117,QUINJALCA,1
010118,SAN FRANCISCO DE DAGUAS,1
010119,SAN ISIDRO DE MAINO,1
010120,SOLOCO,1
010121,SONCHE,1
010206,LA PECA,2
010202,ARAMANGO,2
010203,COPALLIN,2
010204,EL PARCO,2
010201,BAGUA,2
010205,IMAZA,2
010301,JUMBILLA,3
010304,COROSHA,3
010305,CUISPES,3
010302,CHISQUILLA,3
010303,CHURUJA,3
010306,FLORIDA,3
010308,RECTA,3
010309,SAN CARLOS,3
010310,SHIPASBAMBA,3
010311,VALERA,3
010312,YAMBRASBAMBA,3
010307,JAZAN,3
010501,LAMUD,4
010502,CAMPORREDONDO,4
010503,COCABAMBA,4
010504,COLCAMAR,4
010505,CONILA,4
010506,INGUILPATA,4
010507,LONGUITA,4
010508,LONYA CHICO,4
010509,LUYA,4
010510,LUYA VIEJO,4
010511,MARIA,4
010512,OCALLI,4
010513,OCUMAL,4
010514,PISUQUIA,4
010516,SAN CRISTOBAL,4
010517,SAN FRANCISCO DEL YESO,4
010518,SAN JERONIMO,4
010519,SAN JUAN DE LOPECANCHA,4
010520,SANTA CATALINA,4
010521,SANTO TOMAS,4
010522,TINGO,4
010523,TRITA,4
010515,PROVIDENCIA,4
010601,SAN NICOLAS,5
010603,COCHAMAL,5
010602,CHIRIMOTO,5
010604,HUAMBO,5
010605,LIMABAMBA,5
010606,LONGAR,5
010608,MILPUC,5
010607,MARISCAL BENAVIDES,5
010609,OMIA,5
010610,SANTA ROSA,5
010611,TOTORA,5
010612,VISTA ALEGRE,5
010401,NIEVA,6
010403,RIO SANTIAGO,6
010402,EL CENEPA,6
010701,BAGUA GRANDE,7
010702,CAJARURO,7
010703,CUMBA,7
010704,EL MILAGRO,7
010705,JAMALCA,7
010706,LONYA GRANDE,7
010707,YAMON,7
020101,HUARAZ,8
020105,INDEPENDENCIA,8
020102,COCHABAMBA,8
020103,COLCABAMBA,8
020104,HUANCHAY,8
020106,JANGAS,8
020107,LA LIBERTAD,8
020108,OLLEROS,8
020109,PAMPAS,8
020110,PARIACOTO,8
020111,PIRA,8
020112,TARICA,8
020201,AIJA,9
020202,CORIS,9
020203,HUACLLAN,9
020204,LA MERCED,9
020205,SUCCHA,9
020501,CHIQUIAN,10
020502,ABELARDO PARDO LEZAMETA,10
020504,AQUIA,10
020505,CAJACAY,10
020510,HUAYLLACAYAN,10
020509,HUASTA,10
020512,MANGAS,10
020513,PACLLON,10
020514,SAN MIGUEL DE CORPANQUI,10
020515,TICLLOS,10
020503,ANTONIO RAYMONDI,10
020506,CANIS,10
020507,COLQUIOC,10
020511,LA PRIMAVERA,10
020508,HUALLANCA,10
020601,CARHUAZ,11
020602,ACOPAMPA,11
020603,AMASHCA,11
020604,ANTA,11
020605,ATAQUERO,11
020606,MARCARA,11
020607,PARIAHUANCA,11
020608,SAN MIGUEL DE ACO,11
020609,SHILLA,11
020610,TINCO,11
020611,YUNGAR,11
020801,CASMA,12
020802,BUENA VISTA ALTA,12
020803,COMANDANTE NOEL,12
020804,YAUTAN,12
020901,CORONGO,13
020902,ACO,13
020903,BAMBAS,13
020904,CUSCA,13
020905,LA PAMPA,13
020906,YANAC,13
020907,YUPAN,13
021201,CARAZ,14
021202,HUALLANCA,14
021203,HUATA,14
021204,HUAYLAS,14
021205,MATO,14
021206,PAMPAROMAS,14
021207,PUEBLO LIBRE / 1,14
021208,SANTA CRUZ,14
021210,YURACMARCA,14
021209,SANTO TORIBIO,14
021001,HUARI,15
021003,CAJAY,15
021004,CHAVIN DE HUANTAR,15
021005,HUACACHI,15
021007,HUACHIS,15
021006,HUACCHIS,15
021008,HUANTAR,15
021009,MASIN,15
021010,PAUCAS,15
021011,PONTO,15
021012,RAHUAPAMPA,15
021013,RAPAYAN,15
021014,SAN MARCOS,15
021015,SAN PEDRO DE CHANA,15
021016,UCO,15
021002,ANRA,15
021301,PISCOBAMBA,16
021302,CASCA,16
021307,LUCMA,16
021304,FIDEL OLIVAS ESCUDERO,16
021305,LLAMA,16
021306,LLUMPA,16
021308,MUSGA,16
021303,ELEAZAR GUZMAN BARRON,16
021501,CABANA,17
021502,BOLOGNESI,17
021503,CONCHUCOS,17
021504,HUACASCHUQUE,17
021505,HUANDOVAL,17
021506,LACABAMBA,17
021507,LLAPO,17
021508,PALLASCA,17
021509,PAMPAS,17
021510,SANTA ROSA,17
021511,TAUCA,17
021601,POMABAMBA,18
021602,HUAYLLAN,18
021603,PAROBAMBA,18
021604,QUINUABAMBA,18
021701,RECUAY,19
021703,COTAPARACO,19
021704,HUAYLLAPAMPA,19
021706,MARCA,19
021707,PAMPAS CHICO,19
021708,PARARIN,19
021709,TAPACOCHA,19
021710,TICAPAMPA,19
021705,LLACLLIN,19
021702,CATAC,19
021801,CHIMBOTE,20
021802,CACERES DEL PERU,20
021804,MACATE,20
021805,MORO,20
021806,NEPEÑA,20
021807,SAMANCO,20
021808,SANTA,20
021803,COISHCO,20
021809,NUEVO CHIMBOTE,20
021901,SIHUAS,21
021903,ALFONSO UGARTE,21
021905,CHINGALPO,21
021906,HUAYLLABAMBA,21
021907,QUICHES,21
021910,SICSIBAMBA,21
021902,ACOBAMBA,21
021904,CASHAPAMPA,21
021908,RAGASH,21
021909,SAN JUAN,21
022001,YUNGAY,22
022002,CASCAPARA,22
022003,MANCOS,22
022004,MATACOTO,22
022005,QUILLO,22
022006,RANRAHIRCA,22
022007,SHUPLUY,22
022008,YANAMA,22
020301,LLAMELLIN,23
020302,ACZO,23
020303,CHACCHO,23
020304,CHINGAS,23
020305,MIRGAS,23
020306,SAN JUAN DE RONTOY,23
020701,SAN LUIS,24
020703,YAUYA,24
020702,SAN NICOLAS,24
020401,CHACAS,25
020402,ACOCHACA,25
021101,HUARMEY,26
021102,COCHAPETI,26
021104,HUAYAN,26
021105,MALVAS,26
021103,CULEBRAS,26
021402,ACAS,27
021403,CAJAMARQUILLA,27
021404,CARHUAPAMPA,27
021405,COCHAS,27
021406,CONGAS,27
021407,LLIPA,27
021401,OCROS,27
021408,SAN CRISTOBAL DE RAJAN,27
021409,SAN PEDRO,27
021410,SANTIAGO DE CHILCAS,27
030101,ABANCAY,28
030103,CIRCA,28
030104,CURAHUASI,28
030102,CHACOCHE,28
030105,HUANIPACA,28
030106,LAMBRAMA,28
030107,PICHIRHUA,28
030108,SAN PEDRO DE CACHORA,28
030109,TAMBURCO,28
030401,CHALHUANCA,29
030402,CAPAYA,29
030403,CARAYBAMBA,29
030405,COLCABAMBA,29
030406,COTARUSE,29
030404,CHAPIMARCA,29
030407,HUAYLLO,29
030409,LUCRE,29
030410,POCOHUANCA,29
030412,SAÑAYCA,29
030413,SORAYA,29
030414,TAPAIRIHUA,29
030415,TINTAY,29
030416,TORAYA,29
030417,YANACA,29
030411,SAN JUAN DE CHACÑA,29
030408,JUSTO APU SAHUARAURA,29
030201,ANDAHUAYLAS,30
030202,ANDARAPA,30
030203,CHIARA,30
030204,HUANCARAMA,30
030205,HUANCARAY,30
030207,KISHUARA,30
030208,PACOBAMBA,30
030210,PAMPACHIRI,30
030212,SAN ANTONIO DE CACHI,30
030213,SAN JERONIMO,30
030216,TALAVERA,30
030218,TURPO,30
030209,PACUCHA,30
030211,POMACOCHA,30
030215,SANTA MARIA DE CHICMO,30
030217,TUMAY HUARACA,30
030206,HUAYANA,30
030214,SAN MIGUEL DE CHACCRAMPA,30
030219,KAQUIABAMBA,30
030301,ANTABAMBA,31
030302,EL ORO,31
030303,HUAQUIRCA,31
030304,JUAN ESPINOZA MEDRANO,31
030305,OROPESA,31
030306,PACHACONAS,31
030307,SABAINO,31
030501,TAMBOBAMBA,32
030503,COYLLURQUI,32
030502,COTABAMBAS,32
030504,HAQUIRA,32
030505,MARA,32
030506,CHALLHUAHUACHO,32
030701,CHUQUIBAMBILLA,33
030702,CURPAHUASI,33
030704,HUAYLLATI,33
030705,MAMARA,33
030703,GAMARRA,33
030706,MICAELA BASTIDAS,33
030708,PROGRESO,33
030707,PATAYPAMPA,33
030709,SAN ANTONIO,33
030711,TURPAY,33
030712,VILCABAMBA,33
030713,VIRUNDO,33
030710,SANTA ROSA,33
030714,CURASCO,33
030601,CHINCHEROS,34
030606,ONGOY,34
030605,OCOBAMBA,34
030603,COCHARCAS,34
030602,ANCO-HUALLO,34
030604,HUACCANA,34
030607,URANMARCA,34
030608,RANRACANCHA,34
040101,AREQUIPA,35
040103,CAYMA,35
040104,CERRO COLORADO,35
040105,CHARACATO,35
040106,CHIGUATA,35
040108,LA JOYA,35
040110,MIRAFLORES,35
040111,MOLLEBAYA,35
040112,PAUCARPATA,35
040113,POCSI,35
040114,POLOBAYA,35
040115,QUEQUEÑA,35
040116,SABANDIA,35
040117,SACHACA,35
040118,SAN JUAN DE SIGUAS /1,35
040119,SAN JUAN DE TARUCANI,35
040120,SANTA ISABEL DE SIGUAS,35
040121,SANTA RITA DE SIGUAS,35
040122,SOCABAYA,35
040123,TIABAYA,35
040124,UCHUMAYO,35
040125,VITOR,35
040126,YANAHUARA,35
040127,YARABAMBA,35
040128,YURA,35
040109,MARIANO MELGAR,35
040107,JACOBO HUNTER,35
040102,ALTO SELVA ALEGRE,35
040129,JOSE LUIS BUSTAMANTE Y RIVERO,35
040501,CHIVAY,36
040502,ACHOMA,36
040503,CABANACONDE,36
040505,CAYLLOMA,36
040504,CALLALLI,36
040506,COPORAQUE,36
040507,HUAMBO,36
040508,HUANCA,36
040509,ICHUPAMPA,36
040510,LARI,36
040511,LLUTA,36
040512,MACA,36
040513,MADRIGAL,36
040514,SAN ANTONIO DE CHUCA  2/,36
040515,SIBAYO,36
040516,TAPAY,36
040517,TISCO,36
040518,TUTI,36
040519,YANQUE,36
040520,MAJES,36
040201,CAMANA,37
040202,JOSE MARIA QUIMPER,37
040203,MARIANO NICOLAS VALCARCEL,37
040204,MARISCAL CACERES,37
040205,NICOLAS DE PIEROLA,37
040206,OCOÑA,37
040207,QUILCA,37
040208,SAMUEL PASTOR,37
040301,CARAVELI,38
040302,ACARI,38
040303,ATICO,38
040304,ATIQUIPA,38
040305,BELLA UNION,38
040306,CAHUACHO,38
040307,CHALA,38
040308,CHAPARRA,38
040309,HUANUHUANU,38
040310,JAQUI,38
040311,LOMAS,38
040312,QUICACHA,38
040313,YAUCA,38
040401,APLAO,39
040402,ANDAGUA,39
040403,AYO,39
040404,CHACHAS,39
040405,CHILCAYMARCA,39
040406,CHOCO,39
040407,HUANCARQUI,39
040408,MACHAGUAY,39
040409,ORCOPAMPA,39
040410,PAMPACOLCA,39
040411,TIPAN,39
040413,URACA,39
040412,UÑON,39
040414,VIRACO,39
040601,CHUQUIBAMBA,40
040602,ANDARAY,40
040603,CAYARANI,40
040604,CHICHAS,40
040605,IRAY,40
040607,SALAMANCA,40
040608,YANAQUIHUA,40
040606,RIO GRANDE,40
040701,MOLLENDO,41
040702,COCACHACRA,41
040703,DEAN VALDIVIA,41
040704,ISLAY,41
040705,MEJIA,41
040706,PUNTA DE BOMBON,41
040801,COTAHUASI,42
040802,ALCA,42
040803,CHARCANA,42
040804,HUAYNACOTAS,42
040805,PAMPAMARCA,42
040806,PUYCA,42
040807,QUECHUALLA,42
040808,SAYLA,42
040809,TAURIA,42
040810,TOMEPAMPA,42
040811,TORO,42
050101,AYACUCHO,43
050103,ACOS VINCHOS,43
050104,CARMEN ALTO,43
050105,CHIARA,43
050108,QUINUA,43
050109,SAN JOSE DE TICLLAS,43
050110,SAN JUAN BAUTISTA,43
050111,SANTIAGO DE PISCHA,43
050114,VINCHOS,43
050113,TAMBILLO,43
050102,ACOCRO,43
050112,SOCOS,43
050106,OCROS,43
050107,PACAYCASA,43
050115,JESUS NAZARENO,43
050201,CANGALLO,44
050202,CHUSCHI,44
050203,LOS MOROCHUCOS,44
050205,PARAS,44
050206,TOTOS,44
050204,MARIA PARADO DE BELLIDO,44
050401,HUANTA,45
050402,AYAHUANCO,45
050403,HUAMANGUILLA,45
050404,IGUAIN,45
050405,LURICOCHA,45
050406,SANTILLANA,45
050407,SIVIA,45
050408,LLOCHEGUA,45
050501,SAN MIGUEL,46
050502,ANCO,46
050503,AYNA,46
050504,CHILCAS,46
050505,CHUNGUI,46
050508,TAMBO,46
050506,LUIS CARRANZA,46
050507,SANTA ROSA,46
050601,PUQUIO,47
050602,AUCARA,47
050603,CABANA,47
050604,CARMEN SALCEDO,47
050605,CHAVIÑA,47
050606,CHIPAO,47
050607,HUAC-HUAS,47
050608,LARAMATE,47
050609,LEONCIO PRADO,47
050611,LUCANAS,47
050610,LLAUTA,47
050612,OCAÑA,47
050613,OTOCA,47
050619,SANCOS,47
050616,SAN JUAN,47
050617,SAN PEDRO,47
050620,SANTA ANA DE HUAYCAHUACHO,47
050621,SANTA LUCIA,47
050614,SAISA,47
050618,SAN PEDRO DE PALCO,47
050615,SAN CRISTOBAL,47
050701,CORACORA,48
050703,CORONEL CASTAÑEDA,48
050702,CHUMPI,48
050704,PACAPAUSA,48
050705,PULLO,48
050706,PUYUSCA,48
050707,SAN FRANCISCO DE RAVACAYCO,48
050708,UPAHUACHO,48
051001,HUANCAPI,49
051002,ALCAMENCA,49
051003,APONGO,49
051005,CANARIA,49
051006,CAYARA,49
051007,COLCA,49
051010,HUAYA,49
051008,HUAMANQUIQUIA,49
051009,HUANCARAYLLA,49
051011,SARHUA,49
051012,VILCANCHOS,49
051004,ASQUIPATA,49
050301,SANCOS,50
050303,SACSAMARCA,50
050304,SANTIAGO DE LUCANAMARCA,50
050302,CARAPO,50
051101,VILCAS HUAMAN,51
051108,VISCHONGO,51
051102,ACCOMARCA,51
051103,CARHUANCA,51
051104,CONCEPCION,51
051105,HUAMBALPA,51
051107,SAURAMA,51
051106,INDEPENDENCIA /1,51
050801,PAUSA,52
050802,COLTA,52
050803,CORCULLA,52
050804,LAMPA,52
050805,MARCABAMBA,52
050806,OYOLO,52
050807,PARARCA,52
050808,SAN JAVIER DE ALPABAMBA,52
050809,SAN JOSE DE USHUA,52
050810,SARA SARA,52
050901,QUEROBAMBA,53
050902,BELEN,53
050903,CHALCOS,53
050909,SAN SALVADOR DE QUIJE,53
050907,PAICO,53
050910,SANTIAGO DE PAUCARAY,53
050908,SAN PEDRO DE LARCAY,53
050911,SORAS,53
050905,HUACAÑA,53
050904,CHILCAYOC,53
050906,MORCOLLA,53
060101,CAJAMARCA,54
060102,ASUNCION,54
060104,COSPAN,54
060103,CHETILLA,54
060105,ENCAÑADA,54
060106,JESUS,54
060108,LOS BAÑOS DEL INCA,54
060107,LLACANORA,54
060109,MAGDALENA,54
060110,MATARA,54
060111,NAMORA,54
060112,SAN JUAN,54
060201,CAJABAMBA,55
060202,CACHACHI,55
060203,CONDEBAMBA,55
060204,SITACOCHA,55
060301,CELENDIN,56
060303,CORTEGANA,56
060302,CHUMUCH,56
060304,HUASMIN,56
060305,JORGE CHAVEZ,56
060306,JOSE GALVEZ,56
060307,MIGUEL IGLESIAS,56
060308,OXAMARCA,56
060309,SOROCHUCO,56
060310,SUCRE,56
060311,UTCO,56
060312,LA LIBERTAD DE PALLAN,56
060501,CONTUMAZA,57
060502,CHILETE,57
060504,GUZMANGO,57
060505,SAN BENITO,57
060503,CUPISNIQUE,57
060507,TANTARICA,57
060508,YONAN,57
060506,SANTA CRUZ DE TOLEDO,57
060601,CUTERVO,58
060602,CALLAYUC,58
060604,CUJILLO,58
060603,CHOROS,58
060605,LA RAMADA,58
060606,PIMPINGOS,58
060607,QUEROCOTILLO,58
060608,SAN ANDRES DE CUTERVO,58
060609,SAN JUAN DE CUTERVO,58
060610,SAN LUIS DE LUCMA,58
060611,SANTA CRUZ,58
060612,SANTO DOMINGO DE LA CAPILLA,58
060613,SANTO TOMAS,58
060614,SOCOTA,58
060615,TORIBIO CASANOVA,58
060401,CHOTA,59
060402,ANGUIA,59
060407,COCHABAMBA,59
060408,CONCHAN,59
060403,CHADIN,59
060404,CHIGUIRIP,59
060405,CHIMBAN,59
060409,HUAMBOS,59
060410,LAJAS,59
060411,LLAMA,59
060412,MIRACOSTA,59
060413,PACCHA,59
060414,PION,59
060415,QUEROCOTO,59
060417,TACABAMBA,59
060418,TOCMOCHE,59
060416,SAN JUAN DE LICUPIS,59
060406,CHOROPAMPA,59
060419,CHALAMARCA,59
060701,BAMBAMARCA,60
060702,CHUGUR,60
060703,HUALGAYOC,60
060801,JAEN,61
060802,BELLAVISTA,61
060804,COLASAY,61
060803,CHONTALI,61
060807,POMAHUACA,61
060808,PUCARA,61
060809,SALLIQUE,61
060810,SAN FELIPE,61
060811,SAN JOSE DEL ALTO,61
060812,SANTA ROSA,61
060806,LAS PIRIAS,61
060805,HUABAL,61
061301,SANTA CRUZ,62
061303,CATACHE,62
061304,CHANCAYBAÑOS,62
061305,LA ESPERANZA,62
061306,NINABAMBA,62
061307,PULAN,62
061309,SEXI,62
061310,UTICYACU,62
061311,YAUYUCAN,62
061302,ANDABAMBA,62
061308,SAUCEPAMPA,62
061101,SAN MIGUEL,63
061103,CALQUIS,63
061106,LA FLORIDA,63
061107,LLAPA,63
061108,NANCHOC,63
061109,NIEPOS,63
061110,SAN GREGORIO,63
061111,SAN SILVESTRE DE COCHAN,63
061105,EL PRADO,63
061113,UNION AGUA BLANCA,63
061112,TONGOD,63
061104,CATILLUC,63
061102,BOLIVAR,63
060901,SAN IGNACIO,64
060902,CHIRINOS,64
060903,HUARANGO,64
060905,NAMBALLE,64
060904,LA COIPA,64
060906,SAN JOSE DE LOURDES,64
060907,TABACONAS,64
061001,PEDRO GALVEZ,65
061005,ICHOCAN,65
061004,GREGORIO PITA,65
061006,JOSE MANUEL QUIROZ,65
061003,EDUARDO VILLANUEVA,65
061007,JOSE SABOGAL,65
061002,CHANCAY,65
061201,SAN PABLO,66
061202,SAN BERNARDINO,66
061203,SAN LUIS,66
061204,TUMBADEN,66
080101,CUSCO,67
080102,CCORCA,67
080103,POROY,67
080104,SAN JERONIMO,67
080105,SAN SEBASTIAN,67
080106,SANTIAGO,67
080107,SAYLLA,67
080108,WANCHAQ,67
080201,ACOMAYO,68
080202,ACOPIA,68
080203,ACOS,68
080205,POMACANCHI,68
080206,RONDOCAN,68
080207,SANGARARA,68
080204,MOSOC LLACTA,68
080301,ANTA,69
080304,CHINCHAYPUJIO,69
080305,HUAROCONDO,69
080306,LIMATAMBO,69
080307,MOLLEPATA,69
080308,PUCYURA,69
080309,ZURITE,69
080303,CACHIMAYO,69
080302,ANCAHUASI,69
080401,CALCA,70
080402,COYA,70
080403,LAMAY,70
080404,LARES,70
080405,PISAC,70
080406,SAN SALVADOR,70
080407,TARAY,70
080408,YANATILE,70
080501,YANAOCA,71
080502,CHECCA,71
080503,KUNTURKANKI,71
080504,LANGUI,71
080505,LAYO,71
080506,PAMPAMARCA,71
080507,QUEHUE,71
080508,TUPAC AMARU,71
080601,SICUANI,72
080603,COMBAPATA,72
080602,CHECACUPE,72
080604,MARANGANI,72
080605,PITUMARCA,72
080606,SAN PABLO,72
080607,SAN PEDRO,72
080608,TINTA,72
080701,SANTO TOMAS,73
080702,CAPACMARCA,73
080704,COLQUEMARCA,73
080703,CHAMACA,73
080705,LIVITACA,73
080706,LLUSCO,73
080707,QUIÑOTA,73
080708,VELILLE,73
080801,ESPINAR,74
080802,CONDOROMA,74
080803,COPORAQUE,74
080804,OCORURO,74
080805,PALLPATA,74
080806,PICHIGUA,74
080807,SUYCKUTAMBO 3/,74
080808,ALTO PICHIGUA,74
080901,SANTA ANA,75
080902,ECHARATE,75
080903,HUAYOPATA /1,75
080904,MARANURA,75
080905,OCOBAMBA  /2,75
080908,SANTA TERESA,75
080909,VILCABAMBA,75
080906,QUELLOUNO,75
080907,KIMBIRI,75
080910,PICHARI,75
081001,PARURO,76
081002,ACCHA,76
081003,CCAPI,76
081004,COLCHA,76
081005,HUANOQUITE,76
081006,OMACHA,76
081009,YAURISQUE,76
081007,PACCARITAMBO,76
081008,PILLPINTO,76
081101,PAUCARTAMBO,77
081102,CAICAY,77
081104,COLQUEPATA,77
081103,CHALLABAMBA,77
081106,KOSÑIPATA,77
081105,HUANCARANI,77
081201,URCOS,78
081202,ANDAHUAYLILLAS,78
081203,CAMANTI,78
081204,CCARHUAYO,78
081205,CCATCA,78
081206,CUSIPATA,78
081207,HUARO,78
081208,LUCRE,78
081209,MARCAPATA,78
081210,OCONGATE,78
081211,OROPESA,78
081212,QUIQUIJANA,78
081301,URUBAMBA,79
081302,CHINCHERO,79
081303,HUAYLLABAMBA,79
081304,MACHUPICCHU,79
081305,MARAS,79
081306,OLLANTAYTAMBO,79
081307,YUCAY,79
090101,HUANCAVELICA,80
090102,ACOBAMBILLA,80
090103,ACORIA,80
090104,CONAYCA,80
090105,CUENCA,80
090106,HUACHOCOLPA,80
090107,HUAYLLAHUARA,80
090108,IZCUCHACA,80
090109,LARIA,80
090110,MANTA,80
090111,MARISCAL CACERES,80
090112,MOYA,80
090113,NUEVO OCCORO,80
090114,PALCA,80
090115,PILCHACA,80
090116,VILCA,80
090117,YAULI,80
090118,ASCENSION,80
090119,HUANDO,80
090201,ACOBAMBA,81
090203,ANTA,81
090202,ANDABAMBA,81
090204,CAJA,81
090205,MARCAS,81
090206,PAUCARA,81
090207,POMACOCHA,81
090208,ROSARIO,81
090301,LIRCAY,82
090302,ANCHONGA,82
090303,CALLANMARCA,82
090306,CONGALLA,82
090305,CHINCHO,82
090308,HUAYLLAY GRANDE,82
090307,HUANCA-HUANCA,82
090309,JULCAMARCA,82
090310,SAN ANTONIO DE ANTAPARCO,82
090311,SANTO TOMAS DE PATA,82
090312,SECCLLA,82
090304,CCOCHACCASA,82
090401,CASTROVIRREYNA,83
090402,ARMA,83
090403,AURAHUA,83
090404,CAPILLAS,83
090406,COCAS,83
090405,CHUPAMARCA,83
090407,HUACHOS,83
090408,HUAMATAMBO,83
090409,MOLLEPAMPA,83
090410,SAN JUAN,83
090412,TANTARA,83
090413,TICRAPO,83
090411,SANTA ANA,83
090701,PAMPAS,84
090702,ACOSTAMBO,84
090703,ACRAQUIA,84
090704,AHUAYCHA,84
090705,COLCABAMBA,84
090706,DANIEL HERNANDEZ,84
090707,HUACHOCOLPA,84
090709,HUARIBAMBA,84
090710,ÑAHUIMPUQUIO,84
090711,PAZOS,84
090713,QUISHUAR,84
090714,SALCABAMBA,84
090716,SAN MARCOS DE ROCCHAC,84
090717,SURCUBAMBA,84
090718,TINTAY PUNCU,84
090715,SALCAHUASI,84
090602,AYAVI,85
090603,CORDOVA,85
090604,HUAYACUNDO ARMA,85
090601,HUAYTARA,85
090605,LARAMARCA,85
090606,OCOYO,85
090607,PILPICHACA,85
090608,QUERCO,85
090609,QUITO-ARMA,85
090610,SAN ANTONIO DE CUSICANCHA,85
090611,SAN FRANCISCO DE SANGAYAICO,85
090612,SAN ISIDRO,85
090613,SANTIAGO DE CHOCORVOS,85
090614,SANTIAGO DE QUIRAHUARA,85
090615,SANTO DOMINGO DE CAPILLAS,85
090616,TAMBO,85
090501,CHURCAMPA,86
090502,ANCO,86
090503,CHINCHIHUASI,86
090504,EL CARMEN,86
090505,LA MERCED,86
090506,LOCROJA,86
090507,PAUCARBAMBA,86
090508,SAN MIGUEL DE MAYOCC,86
090509,SAN PEDRO DE CORIS,86
090510,PACHAMARCA,86
100101,HUANUCO,87
100103,CHINCHAO,87
100104,CHURUBAMBA,87
100105,MARGOS,87
100106,QUISQUI,87
100107,SAN FRANCISCO DE CAYRAN,87
100108,SAN PEDRO DE CHAULAN,87
100109,SANTA MARIA DEL VALLE,87
100110,YARUMAYO,87
100102,AMARILIS,87
100111,PILLCO MARCA,87
100201,AMBO,88
100202,CAYNA,88
100203,COLPAS,88
100204,CONCHAMARCA,88
100205,HUACAR,88
100206,SAN FRANCISCO,88
100207,SAN RAFAEL,88
100208,TOMAY KICHWA,88
100301,LA UNION,89
100307,CHUQUIS,89
100311,MARIAS,89
100313,PACHAS,89
100316,QUIVILLA,89
100317,RIPAN,89
100321,SHUNQUI,89
100322,SILLAPATA,89
100323,YANAS,89
100501,LLATA,90
100502,ARANCAY,90
100503,CHAVIN DE PARIARCA,90
100504,JACAS GRANDE,90
100505,JIRCAN,90
100506,MIRAFLORES,90
100507,MONZON,90
100508,PUNCHAO,90
100509,PUÑOS,90
100510,SINGA,90
100511,TANTAMAYO,90
100701,HUACRACHUCO,91
100702,CHOLON,91
100703,SAN BUENAVENTURA,91
100601,RUPA-RUPA,92
100602,DANIEL ALOMIA ROBLES,92
100603,HERMILIO VALDIZAN,92
100605,LUYANDO 1/,92
100606,MARIANO DAMASO BERAUN,92
100604,JOSE CRESPO Y CASTILLO,92
100801,PANAO,93
100802,CHAGLLA,93
100803,MOLINO,93
100804,UMARI,93
100903,HONORIA,94
100901,PUERTO INCA,94
100902,CODO DEL POZUZO,94
100904,TOURNAVISTA,94
100905,YUYAPICHIS,94
100401,HUACAYBAMBA,95
100404,PINRA,95
100402,CANCHABAMBA,95
100403,COCHABAMBA,95
101001,JESUS,96
101002,BAÑOS,96
101006,SAN FRANCISCO DE ASIS,96
101004,QUEROPALCA,96
101007,SAN MIGUEL DE CAURI,96
101005,RONDOS,96
101003,JIVIA,96
101101,CHAVINILLO,97
101104,APARICIO POMARES,97
101102,CAHUAC,97
101103,CHACABAMBA,97
101105,JACAS CHICO,97
101106,OBAS,97
101107,PAMPAMARCA,97
101108,CHORAS,97
110101,ICA,98
110102,LA TINGUIÑA,98
110103,LOS AQUIJES,98
110106,PARCONA,98
110107,PUEBLO NUEVO,98
110108,SALAS,98
110109,SAN JOSE DE LOS MOLINOS,98
110110,SAN JUAN BAUTISTA,98
110111,SANTIAGO,98
110112,SUBTANJALLA,98
110114,YAUCA DEL ROSARIO  1/,98
110113,TATE,98
110105,PACHACUTEC,98
110104,OCUCAJE,98
110201,CHINCHA ALTA,99
110203,CHAVIN,99
110204,CHINCHA BAJA,99
110205,EL CARMEN,99
110206,GROCIO PRADO,99
110209,SAN PEDRO DE HUACARPANA,99
110210,SUNAMPE,99
110211,TAMBO DE MORA,99
110202,ALTO LARAN,99
110207,PUEBLO NUEVO,99
110208,SAN JUAN DE YANAC,99
110301,NAZCA,100
110302,CHANGUILLO,100
110303,EL INGENIO,100
110304,MARCONA,100
110305,VISTA ALEGRE,100
110501,PISCO,101
110502,HUANCANO,101
110503,HUMAY,101
110504,INDEPENDENCIA,101
110505,PARACAS,101
110506,SAN ANDRES,101
110507,SAN CLEMENTE,101
110508,TUPAC AMARU INCA,101
110401,PALPA,102
110402,LLIPATA,102
110403,RIO GRANDE,102
110404,SANTA CRUZ,102
110405,TIBILLO,102
120101,HUANCAYO,103
120104,CARHUACALLANGA,103
120112,COLCA,103
120113,CULLHUAS,103
120105,CHACAPAMPA,103
120106,CHICCHE,103
120107,CHILCA,103
120108,CHONGOS ALTO,103
120111,CHUPURO,103
120114,EL TAMBO,103
120116,HUACRAPUQUIO,103
120117,HUALHUAS,103
120119,HUANCAN,103
120120,HUASICANCHA,103
120121,HUAYUCACHI,103
120122,INGENIO,103
120124,PARIAHUANCA   1/,103
120125,PILCOMAYO,103
120126,PUCARA,103
120127,QUICHUAY,103
120128,QUILCAS,103
120129,SAN AGUSTIN,103
120130,SAN JERONIMO DE TUNAN,103
120135,SANTO DOMINGO DE ACOBAMBA,103
120132,SAÑO,103
120133,SAPALLANGA,103
120134,SICAYA,103
120136,VIQUES,103
120201,CONCEPCION,104
120202,ACO,104
120203,ANDAMARCA,104
120206,COMAS,104
120205,COCHAS,104
120204,CHAMBARA,104
120207,HEROINAS TOLEDO,104
120208,MANZANARES,104
120209,MARISCAL CASTILLA,104
120210,MATAHUASI,104
120211,MITO,104
120212,NUEVE DE JULIO,104
120213,ORCOTUNA,104
120215,SANTA ROSA DE OCOPA,104
120214,SAN JOSE DE QUERO,104
120401,JAUJA,105
120402,ACOLLA,105
120403,APATA,105
120404,ATAURA,105
120405,CANCHAYLLO,105
120407,EL MANTARO,105
120408,HUAMALI,105
120409,HUARIPAMPA,105
120410,HUERTAS,105
120411,JANJAILLO,105
120412,JULCAN,105
120413,LEONOR ORDOÑEZ,105
120414,LLOCLLAPAMPA,105
120415,MARCO,105
120416,MASMA,105
120418,MOLINOS,105
120419,MONOBAMBA,105
120420,MUQUI,105
120421,MUQUIYAUYO,105
120422,PACA,105
120423,PACCHA,105
120424,PANCAN,105
120425,PARCO,105
120426,POMACANCHA,105
120427,RICRAN,105
120428,SAN LORENZO,105
120429,SAN PEDRO DE CHUNAN,105
120431,SINCOS,105
120432,TUNAN MARCA,105
120433,YAULI,105
120406,CURICACA,105
120417,MASMA CHICCHE,105
120430,SAUSA,105
120434,YAUYOS,105
120501,JUNIN,106
120502,CARHUAMAYO,106
120503,ONDORES,106
120504,ULCUMAYO,106
120701,TARMA,107
120702,ACOBAMBA,107
120703,HUARICOLCA,107
120704,HUASAHUASI,107
120705,LA UNION,107
120706,PALCA,107
120707,PALCAMAYO,107
120708,SAN PEDRO DE CAJAS,107
120709,TAPO,107
120801,LA OROYA,108
120802,CHACAPALPA,108
120803,HUAY-HUAY,108
120804,MARCAPOMACOCHA,108
120805,MOROCOCHA,108
120806,PACCHA,108
120807,SANTA BARBARA DE CARHUACAYAN,108
120809,SUITUCANCHA,108
120810,YAULI,108
120808,SANTA ROSA DE SACCO,108
120601,SATIPO,109
120602,COVIRIALI,109
120603,LLAYLLA,109
120604,MAZAMARI,109
120605,PAMPA HERMOSA,109
120606,PANGOA,109
120607,RIO NEGRO,109
120608,RIO TAMBO,109
120301,CHANCHAMAYO,110
120305,SAN RAMON,110
120306,VITOC,110
120304,SAN LUIS DE SHUARO,110
120303,PICHANAQUI,110
120302,PERENE,110
120901,CHUPACA,111
120902,AHUAC,111
120903,CHONGOS BAJO,111
120904,HUACHAC,111
120905,HUAMANCACA CHICO,111
120906,SAN JUAN DE ISCOS,111
120907,SAN JUAN DE JARPA,111
120908,TRES DE DICIEMBRE,111
120909,YANACANCHA,111
130101,TRUJILLO,112
130104,HUANCHACO,112
130106,LAREDO,112
130107,MOCHE,112
130109,SALAVERRY,112
130110,SIMBAL,112
130111,VICTOR LARCO HERRERA,112
130108,POROTO,112
130102,EL PORVENIR,112
130105,LA ESPERANZA,112
130103,FLORENCIA DE MORA,112
130301,BOLIVAR,113
130302,BAMBAMARCA,113
130303,CONDORMARCA /1,113
130304,LONGOTEA,113
130306,UCUNCHA,113
130305,UCHUMARCA,113
130901,HUAMACHUCO,114
130903,COCHORCO,114
130904,CURGOS,114
130902,CHUGAY,114
130905,MARCABAL,114
130906,SANAGORAN,114
130907,SARIN,114
130908,SARTIMBAMBA,114
130601,OTUZCO,115
130602,AGALLPAMPA,115
130604,CHARAT,115
130605,HUARANCHAL,115
130606,LA CUESTA,115
130610,PARANDAY,115
130611,SALPO,115
130613,SINSICAP,115
130614,USQUIL,115
130608,MACHE,115
130701,SAN PEDRO DE LLOC,116
130702,GUADALUPE,116
130703,JEQUETEPEQUE,116
130704,PACASMAYO,116
130705,SAN JOSE,116
130801,TAYABAMBA,117
130802,BULDIBUYO,117
130803,CHILLIA,117
130805,HUAYLILLAS,117
130804,HUANCASPATA,117
130806,HUAYO,117
130807,ONGON,117
130808,PARCOY,117
130809,PATAZ,117
130810,PIAS,117
130812,TAURIJA,117
130813,URPAY,117
130811,SANTIAGO DE CHALLAS,117
131001,SANTIAGO DE CHUCO,118
131003,CACHICADAN,118
131004,MOLLEBAMBA,118
131005,MOLLEPATA,118
131006,QUIRUVILCA,118
131007,SANTA CRUZ DE CHUCA,118
131008,SITABAMBA,118
131002,ANGASMARCA,118
130201,ASCOPE,119
130202,CHICAMA,119
130203,CHOCOPE,119
130207,SANTIAGO DE CAO,119
130204,MAGDALENA DE CAO,119
130205,PAIJAN,119
130206,RAZURI,119
130208,CASA GRANDE,119
130401,CHEPEN,120
130402,PACANGA,120
130403,PUEBLO NUEVO,120
130501,JULCAN,121
130503,CARABAMBA,121
130502,CALAMARCA,121
130504,HUASO,121
131101,CASCAS,122
131102,LUCMA,122
131103,COMPIN,122
131104,SAYAPULLO,122
131201,VIRU,123
131202,CHAO,123
131203,GUADALUPITO,123
140101,CHICLAYO,124
140102,CHONGOYAPE,124
140103,ETEN,124
140104,ETEN PUERTO,124
140107,LAGUNAS,124
140108,MONSEFU,124
140109,NUEVA ARICA,124
140110,OYOTUN,124
140111,PICSI,124
140112,PIMENTEL,124
140113,REQUE,124
140105,JOSE LEONARDO ORTIZ,124
140114,SANTA ROSA,124
140115,SAÑA,124
140106,LA VICTORIA,124
140116,CAYALTI,124
140117,PATAPO,124
140118,POMALCA,124
140119,PUCALA,124
140120,TUMAN,124
140201,FERREÑAFE,125
140203,INCAHUASI,125
140202,CAÑARIS,125
140205,PITIPO,125
140206,PUEBLO NUEVO,125
140204,MANUEL ANTONIO MESONES MURO,125
140301,LAMBAYEQUE,126
140302,CHOCHOPE,126
140303,ILLIMO,126
140304,JAYANCA,126
140305,MOCHUMI,126
140306,MORROPE,126
140307,MOTUPE,126
140308,OLMOS,126
140309,PACORA,126
140310,SALAS,126
140311,SAN JOSE,126
140312,TUCUME,126
150101,LIMA,127
150102,ANCON,127
150103,ATE,127
150105,BREÑA,127
150106,CARABAYLLO,127
150110,COMAS,127
150107,CHACLACAYO,127
150108,CHORRILLOS,127
150115,LA VICTORIA,127
150114,LA MOLINA,127
150116,LINCE,127
150118,LURIGANCHO,127
150119,LURIN,127
150120,MAGDALENA DEL MAR,127
150122,MIRAFLORES,127
150123,PACHACAMAC,127
150121,PUEBLO LIBRE,127
150124,PUCUSANA,127
150125,PUENTE PIEDRA,127
150126,PUNTA HERMOSA,127
150127,PUNTA NEGRA,127
150128,RIMAC,127
150129,SAN BARTOLO,127
150131,SAN ISIDRO,127
150104,BARRANCO,127
150135,SAN MARTIN DE PORRES,127
150136,SAN MIGUEL,127
150138,SANTA MARIA DEL MAR,127
150139,SANTA ROSA,127
150140,SANTIAGO DE SURCO,127
150141,SURQUILLO,127
150143,VILLA MARIA DEL TRIUNFO,127
150113,JESUS MARIA,127
150112,INDEPENDENCIA,127
150111,EL AGUSTINO,127
150133,SAN JUAN DE MIRAFLORES,127
150132,SAN JUAN DE LURIGANCHO,127
150134,SAN LUIS,127
150109,CIENEGUILLA,127
150130,SAN BORJA,127
150142,VILLA EL SALVADOR,127
150117,LOS OLIVOS,127
150137,SANTA ANITA,127
150301,CAJATAMBO,128
150302,COPA,128
150303,GORGOR,128
150304,HUANCAPON,128
150305,MANAS,128
150401,CANTA,129
150402,ARAHUAY,129
150403,HUAMANTANGA,129
150404,HUAROS,129
150405,LACHAQUI,129
150406,SAN BUENAVENTURA,129
150407,SANTA ROSA DE QUIVES,129
150501,SAN VICENTE DE CAÑETE,130
150503,CALANGO,130
150504,CERRO AZUL,130
150506,COAYLLO,130
150505,CHILCA,130
150507,IMPERIAL,130
150508,LUNAHUANA,130
150509,MALA,130
150510,NUEVO IMPERIAL,130
150511,PACARAN,130
150512,QUILMANA,130
150513,SAN ANTONIO,130
150514,SAN LUIS,130
150515,SANTA CRUZ DE FLORES,130
150516,ZUÑIGA,130
150502,ASIA,130
150801,HUACHO,131
150802,AMBAR,131
150803,CALETA DE CARQUIN,131
150804,CHECRAS,131
150805,HUALMAY,131
150806,HUAURA,131
150807,LEONCIO PRADO,131
150808,PACCHO,131
150809,SANTA LEONOR,131
150810,SANTA MARIA,131
150811,SAYAN,131
150812,VEGUETA,131
150701,MATUCANA,132
150702,ANTIOQUIA,132
150703,CALLAHUANCA,132
150704,CARAMPOMA,132
150724,SAN PEDRO DE CASTA,132
150706,CUENCA,132
150705,CHICLA,132
150708,HUANZA,132
150709,HUAROCHIRI,132
150710,LAHUAYTAMBO,132
150711,LANGA,132
150713,MARIATANA,132
150714,RICARDO PALMA,132
150715,SAN ANDRES DE TUPICOCHA,132
150716,SAN ANTONIO,132
150717,SAN BARTOLOME,132
150718,SAN DAMIAN,132
150726,SANGALLAYA,132
150720,SAN JUAN DE TANTARANCHE,132
150721,SAN LORENZO DE QUINTI,132
150722,SAN MATEO,132
150723,SAN MATEO DE OTAO,132
150725,SAN PEDRO DE HUANCAYRE,132
150727,SANTA CRUZ DE COCACHACRA,132
150728,SANTA EULALIA,132
150729,SANTIAGO DE ANCHUCAYA,132
150730,SANTIAGO DE TUNA,132
150731,SANTO DOMINGO DE LOS OLLEROS,132
150732,SURCO,132
150707,HUACHUPAMPA,132
150712,LARAOS,132
150719,SAN JUAN DE IRIS,132
151001,YAUYOS,133
151002,ALIS,133
151003,ALLAUCA,133
151004,AYAVIRI,133
151005,AZANGARO,133
151006,CACRA,133
151007,CARANIA,133
151010,COCHAS,133
151011,COLONIA,133
151009,CHOCOS,133
151013,HUAMPARA,133
151014,HUANCAYA,133
151015,HUANGASCAR,133
151016,HUANTAN,133
151017,HUAÑEC,133
151018,LARAOS,133
151019,LINCHA,133
151021,MIRAFLORES,133
151022,OMAS,133
151024,QUINCHES,133
151025,QUINOCAY,133
151026,SAN JOAQUIN,133
151027,SAN PEDRO DE PILAS,133
151028,TANTA,133
151029,TAURIPAMPA,133
151031,TUPE,133
151030,TOMAS,133
151032,VIÑAC,133
151033,VITIS,133
151012,HONGOS,133
151020,MADEAN,133
151023,PUTINZA,133
151008,CATAHUASI,133
150601,HUARAL,134
150602,ATAVILLOS ALTO,134
150603,ATAVILLOS BAJO,134
150604,AUCALLAMA,134
150605,CHANCAY,134
150606,IHUARI,134
150607,LAMPIAN,134
150608,PACARAOS,134
150609,SAN MIGUEL DE ACOS,134
150612,VEINTISIETE DE NOVIEMBRE,134
150610,SANTA CRUZ DE ANDAMARCA,134
150611,SUMBILCA,134
150201,BARRANCA,135
150202,PARAMONGA,135
150203,PATIVILCA,135
150204,SUPE,135
150205,SUPE PUERTO,135
150901,OYON,136
150905,NAVAN,136
150903,CAUJUL,136
150902,ANDAJES,136
150906,PACHANGARA,136
150904,COCHAMARCA,136
160101,IQUITOS,137
160102,ALTO NANAY,137
160103,FERNANDO LORES,137
160105,LAS AMAZONAS,137
160106,MAZAN,137
160107,NAPO,137
160109,PUTUMAYO,137
160110,TORRES CAUSANA,137
160104,INDIANA,137
160108,PUNCHANA,137
160112,BELEN,137
160113,SAN JUAN BAUTISTA,137
160114,TENIENTE MANUEL CLAVERO,137
160201,YURIMAGUAS,138
160202,BALSAPUERTO,138
160205,JEBEROS,138
160206,LAGUNAS,138
160210,SANTA CRUZ,138
160211,TENIENTE CESAR LOPEZ ROJAS,138
160301,NAUTA,139
160302,PARINARI,139
160303,TIGRE,139
160305,URARINAS,139
160304,TROMPETEROS,139
160501,REQUENA,140
160502,ALTO TAPICHE,140
160503,CAPELO,140
160504,EMILIO SAN MARTIN,140
160505,MAQUIA,140
160506,PUINAHUA,140
160507,SAQUENA,140
160508,SOPLIN,140
160509,TAPICHE,140
160510,JENARO HERRERA,140
160511,YAQUERANA,140
160601,CONTAMANA,141
160606,VARGAS GUERRA,141
160603,PADRE MARQUEZ,141
160604,PAMPA HERMOSA,141
160605,SARAYACU,141
160602,INAHUAYA,141
160401,RAMON CASTILLA,142
160402,PEBAS,142
160403,YAVARI  /1,142
160404,SAN PABLO,142
160701,BARRANCA,143
160706,ANDOAS,143
160702,CAHUAPANAS,143
160703,MANSERICHE,143
160704,MORONA,143
160705,PASTAZA,143
170101,TAMBOPATA,144
170102,INAMBARI,144
170103,LAS PIEDRAS,144
170104,LABERINTO,144
170201,MANU,145
170202,FITZCARRALD,145
170203,MADRE DE DIOS,145
170204,HUEPETUHE,145
170301,IÑAPARI,146
170302,IBERIA,146
170303,TAHUAMANU,146
180101,MOQUEGUA,147
180102,CARUMAS,147
180103,CUCHUMBAYA,147
180105,SAN CRISTOBAL,147
180106,TORATA,147
180104,SAMEGUA,147
180201,OMATE,148
180203,COALAQUE,148
180202,CHOJATA,148
180204,ICHUÑA,148
180205,LA CAPILLA,148
180206,LLOQUE,148
180207,MATALAQUE,148
180208,PUQUINA,148
180209,QUINISTAQUILLAS,148
180210,UBINAS,148
180211,YUNGA,148
180301,ILO,149
180302,EL ALGARROBAL,149
180303,PACOCHA,149
190101,CHAUPIMARCA,150
190102,HUACHON,150
190103,HUARIACA,150
190104,HUAYLLAY,150
190105,NINACACA,150
190106,PALLANCHACRA,150
190107,PAUCARTAMBO,150
190108,SAN FRANCISCO DE ASIS DE YARUSYACAN,150
190109,SIMON BOLIVAR,150
190110,TICLACAYAN,150
190111,TINYAHUARCO,150
190112,VICCO,150
190113,YANACANCHA,150
190201,YANAHUANCA,151
190202,CHACAYAN,151
190203,GOYLLARISQUIZGA,151
190204,PAUCAR,151
190205,SAN PEDRO DE PILLAO,151
190206,SANTA ANA DE TUSI,151
190207,TAPUC,151
190208,VILCABAMBA,151
190301,OXAPAMPA,152
190302,CHONTABAMBA,152
190303,HUANCABAMBA,152
190306,PUERTO BERMUDEZ,152
190307,VILLA RICA,152
190305,POZUZO,152
190304,PALCAZU,152
200101,PIURA,153
200104,CASTILLA,153
200105,CATACAOS,153
200109,LA ARENA,153
200110,LA UNION,153
200111,LAS LOMAS,153
200114,TAMBO GRANDE,153
200107,CURA MORI,153
200108,EL TALLAN,153
200201,AYABACA,154
200202,FRIAS,154
200204,LAGUNAS,154
200205,MONTERO,154
200206,PACAIPAMPA,154
200208,SAPILLICA,154
200209,SICCHEZ,154
200210,SUYO,154
200203,JILILI,154
200207,PAIMAS,154
200301,HUANCABAMBA,155
200302,CANCHAQUE,155
200304,HUARMACA,155
200307,SONDOR,155
200308,SONDORILLO,155
200303,EL CARMEN DE LA FRONTERA,155
200306,SAN MIGUEL DE EL FAIQUE,155
200305,LALAQUIZ,155
200401,CHULUCANAS,156
200402,BUENOS AIRES,156
200403,CHALACO,156
200405,MORROPON,156
200406,SALITRAL,156
200408,SANTA CATALINA DE MOSSA,156
200409,SANTO DOMINGO,156
200404,LA MATANZA,156
200410,YAMANGO,156
200407,SAN JUAN DE BIGOTE,156
200501,PAITA,157
200502,AMOTAPE,157
200503,ARENAL,157
200505,LA HUACA,157
200504,COLAN,157
200506,TAMARINDO,157
200507,VICHAYAL,157
200601,SULLANA,158
200602,BELLAVISTA,158
200604,LANCONES,158
200605,MARCAVELICA,158
200606,MIGUEL CHECA,158
200607,QUERECOTILLO,158
200608,SALITRAL,158
200603,IGNACIO ESCUDERO,158
200701,PARIÑAS,159
200702,EL ALTO,159
200703,LA BREA,159
200704,LOBITOS,159
200706,MANCORA,159
200705,LOS ORGANOS,159
200801,SECHURA,160
200805,VICE,160
200803,BERNAL,160
200802,BELLAVISTA DE LA UNION,160
200804,CRISTO NOS VALGA,160
200806,RINCONADA LLICUAR,160
210101,PUNO,161
210102,ACORA,161
210104,ATUNCOLLA,161
210105,CAPACHICA,161
210107,COATA,161
210106,CHUCUITO,161
210108,HUATA,161
210109,MAÑAZO,161
210110,PAUCARCOLLA,161
210111,PICHACANI,161
210113,SAN ANTONIO  /1,161
210114,TIQUILLACA,161
210115,VILQUE,161
210112,PLATERIA,161
210103,AMANTANI,161
210201,AZANGARO,162
210202,ACHAYA,162
210203,ARAPA,162
210204,ASILLO,162
210205,CAMINACA,162
210206,CHUPA,162
210207,JOSE DOMINGO CHOQUEHUANCA,162
210208,MUÑANI,162
210209,POTONI,162
210210,SAMAN,162
210211,SAN ANTON,162
210212,SAN JOSE,162
210213,SAN JUAN DE SALINAS,162
210214,SANTIAGO DE PUPUJA,162
210215,TIRAPATA,162
210301,MACUSANI,163
210302,AJOYANI,163
210303,AYAPATA,163
210304,COASA,163
210305,CORANI,163
210306,CRUCERO,163
210307,ITUATA   2/,163
210308,OLLACHEA,163
210309,SAN GABAN,163
210310,USICAYOS,163
210401,JULI,164
210402,DESAGUADERO,164
210403,HUACULLANI,164
210405,PISACOMA,164
210406,POMATA,164
210407,ZEPITA,164
210404,KELLUYO,164
210601,HUANCANE,165
210602,COJATA,165
210604,INCHUPALLA,165
210605,PUSI,165
210606,ROSASPATA,165
210607,TARACO,165
210608,VILQUE CHICO,165
210603,HUATASANI,165
210701,LAMPA,166
210702,CABANILLA,166
210703,CALAPUJA,166
210704,NICASIO,166
210705,OCUVIRI,166
210706,PALCA,166
210707,PARATIA,166
210708,PUCARA,166
210709,SANTA LUCIA,166
210710,VILAVILA,166
210801,AYAVIRI,167
210802,ANTAUTA,167
210803,CUPI,167
210804,LLALLI,167
210805,MACARI,167
210806,NUÑOA,167
210807,ORURILLO,167
210808,SANTA ROSA,167
210809,UMACHIRI,167
211201,SANDIA,168
211202,CUYOCUYO,168
211203,LIMBANI,168
211205,PHARA,168
211204,PATAMBUCO,168
211206,QUIACA,168
211207,SAN JUAN DEL ORO,168
211208,YANAHUAYA,168
211209,ALTO INAMBARI,168
211210,SAN PEDRO DE PUTINA PUNCO,168
211101,JULIACA,169
211102,CABANA,169
211103,CABANILLAS,169
211104,CARACOTO,169
211301,YUNGUYO,170
211307,UNICACHI,170
211302,ANAPIA,170
211303,COPANI,170
211304,CUTURAPI,170
211305,OLLARAYA,170
211306,TINICACHI,170
211001,PUTINA,171
211003,PEDRO VILCA APAZA,171
211004,QUILCAPUNCU,171
211002,ANANEA,171
211005,SINA,171
210501,ILAVE,172
210503,PILCUYO,172
210504,SANTA ROSA,172
210502,CAPAZO,172
210505,CONDURIRI,172
210901,MOHO,173
210902,CONIMA,173
210904,TILALI,173
210903,HUAYRAPATA,173
220101,MOYOBAMBA,174
220102,CALZADA,174
220103,HABANA,174
220104,JEPELACIO,174
220105,SORITOR,174
220106,YANTALO,174
220401,SAPOSOA,175
220404,PISCOYACU,175
220405,SACANCHE,175
220406,TINGO DE SAPOSOA,175
220402,ALTO SAPOSOA,175
220403,EL ESLABON,175
220501,LAMAS,176
220503,BARRANQUITA,176
220504,CAYNARACHI   1/,176
220505,CUÑUMBUQUI,176
220506,PINTO RECODO,176
220507,RUMISAPA,176
220509,SHANAO,176
220510,TABALOSOS,176
220511,ZAPATERO,176
220502,ALONSO DE ALVARADO,176
220508,SAN ROQUE DE CUMBAZA,176
220601,JUANJUI,177
220602,CAMPANILLA,177
220603,HUICUNGO,177
220604,PACHIZA,177
220605,PAJARILLO,177
220801,RIOJA,178
220806,POSIC,178
220808,YORONGOS,178
220809,YURACYACU,178
220804,NUEVA CAJAMARCA,178
220803,ELIAS SOPLIN VARGAS,178
220807,SAN FERNANDO,178
220805,PARDO MIGUEL,178
220802,AWAJUN,178
220901,TARAPOTO,179
220902,ALBERTO LEVEAU,179
220903,CACATACHI,179
220904,CHAZUTA,179
220905,CHIPURANA,179
220906,EL PORVENIR,179
220907,HUIMBAYOC,179
220908,JUAN GUERRA,179
220910,MORALES,179
220911,PAPAPLAYA,179
220912,SAN ANTONIO,179
220913,SAUCE,179
220914,SHAPAJA,179
220909,LA BANDA DE SHILCAYO,179
220201,BELLAVISTA,180
220206,SAN RAFAEL,180
220205,SAN PABLO,180
220202,ALTO BIAVO,180
220204,HUALLAGA,180
220203,BAJO BIAVO,180
221001,TOCACHE,181
221002,NUEVO PROGRESO,181
221003,POLVORA,181
221004,SHUNTE  2/,181
221005,UCHIZA,181
220701,PICOTA,182
220702,BUENOS AIRES,182
220703,CASPISAPA,182
220704,PILLUANA,182
220705,PUCACACA,182
220706,SAN CRISTOBAL,182
220707,SAN HILARION,182
220709,TINGO DE PONASA,182
220710,TRES UNIDOS,182
220708,SHAMBOYACU,182
220301,SAN JOSE DE SISA,183
220302,AGUA BLANCA,183
220305,SHATOJA,183
220303,SAN MARTIN,183
220304,SANTA ROSA,183
230101,TACNA,184
230103,CALANA,184
230105,INCLAN,184
230106,PACHIA,184
230107,PALCA,184
230108,POCOLLAY,184
230109,SAMA,184
230102,ALTO DE LA ALIANZA,184
230104,CIUDAD NUEVA,184
230110,CORONEL GREGORIO ALBARRACIN LANCHIPA,184
230401,TARATA,185
230402,HEROES ALBARRACIN,185
230403,ESTIQUE,185
230404,ESTIQUE-PAMPA,185
230405,SITAJARA,185
230406,SUSAPAYA,185
230407,TARUCACHI,185
230408,TICACO,185
230301,LOCUMBA,186
230303,ITE,186
230302,ILABAYA,186
230201,CANDARAVE,187
230202,CAIRANI,187
230204,CURIBAYA,187
230205,HUANUARA,187
230206,QUILAHUANI,187
230203,CAMILACA,187
240101,TUMBES,188
240102,CORRALES,188
240103,LA CRUZ,188
240104,PAMPAS DE HOSPITAL,188
240105,SAN JACINTO,188
240106,SAN JUAN DE LA VIRGEN,188
240201,ZORRITOS,189
240202,CASITAS,189
240203,CANOAS DE PUNTA SAL,189
240301,ZARUMILLA,190
240303,MATAPALO,190
240304,PAPAYAL,190
240302,AGUAS VERDES,190
070101,CALLAO,191
070102,BELLAVISTA,191
070105,LA PUNTA,191
070103,CARMEN DE LA LEGUA REYNOSO,191
070104,LA PERLA,191
070106,VENTANILLA,191
250101,CALLERIA,192
250105,YARINACOCHA,192
250104,MASISEA,192
250102,CAMPOVERDE,192
250103,IPARIA,192
250106,NUEVA REQUENA,192
250107,MANANTAY,192
250301,PADRE ABAD,193
250302,IRAZOLA,193
250303,CURIMANA,193
250201,RAYMONDI,194
250203,TAHUANIA,194
250204,YURUA,194
250202,SEPAHUA,194
250401,PURUS,195